{
  "chat_id": "oc_01e791aeef5b12259676e529a770a2e6",
  "created_at": "2026-02-22T15:12:46.143371",
  "updated_at": "2026-02-22T15:12:46.143393",
  "global_entropy_thresholds": {
    "high_predictability": 70,
    "low_predictability": 40,
    "high_entropy": 7.0,
    "low_entropy": 4.0
  },
  "user_entropy_profiles": {},
  "communication_policies": {
    "high_predictability_strategy": "关键词+指标精准模拟",
    "medium_predictability_strategy": "保留关键词+部分语料",
    "low_predictability_strategy": "保留完整语料+动态学习"
  },
  "compression_settings": {
    "default_compression_ratio": 0.3,
    "min_samples_for_compression": 10,
    "keywords_per_user": 10
  },
  "last_calculation": null
}