{
  "skill": "user-persona-analyzer",
  "iteration_type": "socratic",
  "current_round": 10,
  "max_rounds": 10,
  "completed": true,
  "improvements": [
    {
      "round": 1,
      "focus": "核心假设检验",
      "insight": "核心假设：用户沟通模式具有统计规律性，可用熵值量化",
      "improvement": "增加假设验证机制，定期检测用户风格漂移",
      "action": "添加 style_drift_detector.py"
    },
    {
      "round": 2,
      "focus": "边缘情况",
      "insight": "边缘情况：冷启动用户需要特殊处理",
      "improvement": "为少于5条消息的用户提供快速画像模板",
      "action": "修改 compression_scheduler.py，支持冷启动模式"
    },
    {
      "round": 3,
      "focus": "简化优化",
      "insight": "可合并：communication_entropy 和 auto_learn 有重叠",
      "improvement": "统一为 user_profiler.py，减少代码重复",
      "action": "重构：合并两个脚本的核心逻辑"
    },
    {
      "round": 4,
      "focus": "问题溯源",
      "insight": "本质需求：用户需要的是'预测对方如何回应'而非单纯分析",
      "improvement": "强化预测功能，提供'如果我说X，对方可能如何回应'",
      "action": "新增 response_predictor.py"
    },
    {
      "round": 5,
      "focus": "资源约束",
      "insight": "资源优化：可以延迟加载 jieba，使用 LRU 缓存",
      "improvement": "添加智能缓存机制，减少内存占用",
      "action": "添加 cache_manager.py"
    },
    {
      "round": 6,
      "focus": "用户体验",
      "insight": "透明度：用户需要看到自己的'语言指纹'",
      "improvement": "提供可视化/可读的压缩档案展示",
      "action": "添加 profile_visualizer.py"
    },
    {
      "round": 7,
      "focus": "差异化",
      "insight": "差异化：独特之处在于'量化不确定性'和'动态压缩'",
      "improvement": "强化这两点的展示和教育",
      "action": "更新 SKILL.md，突出核心卖点"
    },
    {
      "round": 8,
      "focus": "验证机制",
      "insight": "验证：需要模拟-反馈-调整的闭环",
      "improvement": "设计 SubAgent 模拟测试框架",
      "action": "实现 simulation_validator.py"
    },
    {
      "round": 9,
      "focus": "重构思考",
      "insight": "重构：核心只需 entropy_calc + compression + hook",
      "improvement": "将 9 个脚本合并为 3 个核心+3个扩展",
      "action": "规划 v3.0 重构路线图"
    },
    {
      "round": 10,
      "focus": "终极简化",
      "insight": "MVP：只需 entropy + compress + simulate 三个功能",
      "improvement": "准备 v3.0 极简版本，砍掉非核心功能",
      "action": "创建 user-persona-analyzer-minimal/"
    }
  ],
  "timestamp": "2026-02-22T15:01:37.936826"
}