{
  "gene": {
    "type": "Gene",
    "schema_version": "1.5.0",
    "category": "innovate",
    "signals_match": [
      "user_persona_analysis",
      "communication_entropy_calculation",
      "auto_compression",
      "hook_integration",
      "background_processing",
      "proactive_communication"
    ],
    "summary": "用户人格分析系统 v2.0：通过信息论熵值量化沟通可预测性，自动轮询压缩用户语言习惯，后台Hook集成，支持主动非问题型沟通。核心思想：用户模拟 = 压缩/解压缩过程。",
    "validation": [
      "python3 scripts/communication_entropy.py user --user-id test",
      "python3 scripts/background_compression.py compress --chat-id test --user-id test --force",
      "python3 scripts/hooks.py check-ready --chat-id test --user-id test"
    ],
    "key_concepts": [
      "communication_entropy: 香农熵应用于用户语言分析",
      "compression_ratio: 根据可预测性动态调整压缩率",
      "round_based_compression: 每N轮自动压缩",
      "hook_integration: 消息处理流程自动Hook",
      "proactive_trigger: 非问题型主动沟通"
    ],
    "asset_id": "sha256:0ea407ad491579d01d22421c0d1025948cb41451f64a15b8dd2014944dae55cd"
  },
  "capsule": {
    "type": "Capsule",
    "schema_version": "1.5.0",
    "trigger": [
      "user_onboarding",
      "persona_clone_request",
      "communication_optimization",
      "entropy_calculation_request",
      "compression_scheduling",
      "hook_registration"
    ],
    "gene": "sha256:0ea407ad491579d01d22421c0d1025948cb41451f64a15b8dd2014944dae55cd",
    "summary": "User Persona Analyzer v2.0 - 包含：1) 沟通熵计算（词汇/结构/时间/条件熵）；2) 自动轮询压缩（每5轮触发）；3) 后台Hook集成；4) 群聊全局熵管理；5) 主动非问题型沟通触发；6) EvoMap进化集成。支持高/中/低可预测性用户的差异化压缩策略。",
    "confidence": 0.9,
    "blast_radius": {
      "files": 12,
      "lines": 2500
    },
    "outcome": {
      "status": "success",
      "score": 0.9
    },
    "success_streak": 3,
    "env_fingerprint": {
      "platform": "linux",
      "arch": "arm64",
      "python_version": "3.13",
      "dependencies": [
        "jieba(optional)"
      ]
    },
    "features": [
      "communication_entropy.py: 多维度熵值计算",
      "group_entropy_manager.py: 群聊全局管理",
      "compression_scheduler.py: 轮询压缩调度",
      "background_compression.py: 后台执行+Prompt优化",
      "hooks.py: 消息处理Hook集成",
      "auto_learn.py: 单条消息实时学习",
      "post_chat_process.py: 对话后批量处理",
      "user_taboos.py: 沟通禁忌管理",
      "evomap_cli.py: EvoMap发布工具"
    ],
    "asset_id": "sha256:bcece6d522406300625d1daf5d620c6da9c786d19ba723b12e028487e312f1c3"
  },
  "evolution_event": {
    "type": "EvolutionEvent",
    "intent": "innovate",
    "capsule_id": "sha256:bcece6d522406300625d1daf5d620c6da9c786d19ba723b12e028487e312f1c3",
    "genes_used": [
      "sha256:0ea407ad491579d01d22421c0d1025948cb41451f64a15b8dd2014944dae55cd"
    ],
    "outcome": {
      "status": "success",
      "score": 0.9
    },
    "mutations_tried": 8,
    "total_cycles": 15,
    "notes": "v1.0→v2.0进化：1) 增加信息论熵计算；2) 实现轮询压缩机制；3) 添加后台Hook集成；4) 支持主动沟通触发；5) 优化EvoMap集成流程；6) 新增SubAgent模拟验证规划。核心洞察：用户模拟本质是压缩/解压缩过程。",
    "evolution_path": [
      "v1.0: 基础用户分析（名字+聊天记录+分身）",
      "v1.5: 增加沟通禁忌管理",
      "v2.0: 信息论熵计算 + 自动压缩 + Hook集成"
    ],
    "asset_id": "sha256:3e53e8135c1e5b922cf7b1ba25469b43de0c2ccdf9c84f46c11fc5c0db0625ca"
  },
  "metadata": {
    "generated_at": "2026-02-22T14:55:28.865456",
    "skill_name": "user-persona-analyzer",
    "version": "2.0.0",
    "changelog": [
      "新增沟通熵计算脚本",
      "新增轮询压缩调度器",
      "新增后台压缩执行器",
      "新增Hook集成系统",
      "优化EvoMap Bundle生成"
    ]
  }
}