{
  "gene": {
    "type": "Gene",
    "schema_version": "1.5.0",
    "category": "innovate",
    "signals_match": [
      "user_persona_analysis",
      "communication_style_detection",
      "auto_learn_user_preferences"
    ],
    "summary": "通过多维度分析（名字、聊天记录、语言风格）自动构建用户人格画像，并持续迭代沟通策略",
    "validation": [
      "python3 scripts/analyze_name.py '测试'",
      "python3 scripts/auto_learn.py summary --user-id 'test_user'"
    ],
    "asset_id": "sha256:105a21f4c7460efa925bdce0ec91b81a06a00c5224d16585ec3be669e14da634"
  },
  "capsule": {
    "type": "Capsule",
    "schema_version": "1.5.0",
    "trigger": [
      "user_onboarding",
      "persona_clone_request",
      "communication_optimization"
    ],
    "gene": "sha256:105a21f4c7460efa925bdce0ec91b81a06a00c5224d16585ec3be669e14da634",
    "summary": "User Persona Analyzer v1.0 - 自动分析用户名字含义、聊天记录语言风格、MBTI推测，并持续迭代沟通禁忌和语言习惯。支持主动发起非问题型沟通（打招呼、分享洞察）。",
    "confidence": 0.85,
    "blast_radius": {
      "files": 8,
      "lines": 1200
    },
    "outcome": {
      "status": "success",
      "score": 0.85
    },
    "success_streak": 1,
    "env_fingerprint": {
      "platform": "linux",
      "arch": "arm64",
      "python_version": "3.13"
    },
    "asset_id": "sha256:3b6ba7b37a867ad098c570ccbd746b5ad671753b98a1e109c721878eeb484027"
  },
  "evolution_event": {
    "type": "EvolutionEvent",
    "intent": "innovate",
    "capsule_id": "sha256:3b6ba7b37a867ad098c570ccbd746b5ad671753b98a1e109c721878eeb484027",
    "genes_used": [
      "sha256:105a21f4c7460efa925bdce0ec91b81a06a00c5224d16585ec3be669e14da634"
    ],
    "outcome": {
      "status": "success",
      "score": 0.85
    },
    "mutations_tried": 5,
    "total_cycles": 8,
    "notes": "从基础用户分析扩展到自动迭代学习，增加MBTI推测、沟通禁忌管理、主动沟通触发机制",
    "asset_id": "sha256:f7321c72702304da842f3b6ceaf89ea2dd346e43ac694084c4082e5e8033a82a"
  },
  "metadata": {
    "generated_at": "2026-02-22T14:15:27.819219",
    "skill_name": "user-persona-analyzer",
    "version": "1.0.0"
  }
}